image_path,pred_change_ratio,logit_change_ratio,inst_gt_sem_ratio,max_score_delta,sem_min,sem_max,sem_mean,sem_std,inst_min,inst_max,inst_mean,inst_std,dual_min,dual_max,dual_mean,dual_std
data/LoveDA/img_dir/val/2522.png,3.528594970703125e-05,0.18169309198856354,0.18244607746601105,2.9302891562110744e-06,9.616952552230287e-14,0.9999996423721313,0.36556851863861084,0.3792482912540436,0.0,0.9331508874893188,0.04776374250650406,0.16714677214622498,7.237552029047689e-13,0.9999996423721313,0.3671550154685974,0.3779865503311157
data/LoveDA/img_dir/val/2523.png,0.0,0.0,0.0,0.0,1.5346486581524488e-10,1.0,0.5414145588874817,0.4445021152496338,0.0,0.0,0.0,0.0,1.5346486581524488e-10,1.0,0.5414145588874817,0.4445021152496338
data/LoveDA/img_dir/val/2524.png,2.765655517578125e-05,0.044128693640232086,0.044128693640232086,4.952437961946998e-07,1.0801283423234054e-07,0.9999995231628418,0.401323139667511,0.3718509078025818,0.0,0.5261743664741516,0.04933799430727959,0.14010900259017944,1.0801283423234054e-07,0.9999995231628418,0.4028876721858978,0.3703937828540802
data/LoveDA/img_dir/val/2525.png,0.0,0.10998958349227905,0.11011341959238052,0.0,2.9632207798613308e-08,0.9999996423721313,0.49247851967811584,0.4237929582595825,0.0,0.7829229235649109,0.007972507737576962,0.06829562783241272,1.4323356367640372e-07,0.9999996423721313,0.4926627278327942,0.42358511686325073
data/LoveDA/img_dir/val/2526.png,0.0,0.0,0.0,0.0,3.62769299044885e-07,0.9999996423721313,0.6709129214286804,0.38706278800964355,0.0,0.0,0.0,0.0,3.62769299044885e-07,0.9999996423721313,0.6709129214286804,0.38706278800964355
data/LoveDA/img_dir/val/2527.png,0.0,6.267002845561365e-06,6.267002845561365e-06,0.0,0.0007800377206876874,0.9999935626983643,0.5223252177238464,0.3637767732143402,0.0,0.5564221143722534,0.003522290149703622,0.042744770646095276,0.0007800377206876874,0.9999935626983643,0.5223252177238464,0.3637767732143402
data/LoveDA/img_dir/val/2528.png,0.0,0.0,0.0,0.0,0.026547007262706757,0.9999762773513794,0.748614490032196,0.19714117050170898,0.0,0.0,0.0,0.0,0.026547007262706757,0.9999762773513794,0.748614490032196,0.19714117050170898
data/LoveDA/img_dir/val/2529.png,1.9073486328125e-06,0.0014598029665648937,0.0016196115175262094,1.4498525047201838e-07,3.651186936815785e-21,1.0,0.44617995619773865,0.3626900911331177,0.0,0.8945212364196777,0.0032524054404348135,0.05207991227507591,8.880399298132492e-18,1.0,0.4461870789527893,0.36268681287765503
data/LoveDA/img_dir/val/2530.png,0.0,0.0,0.0,0.0,3.469195775096523e-08,1.0,0.5505177974700928,0.3952030539512634,0.0,0.0,0.0,0.0,3.469195775096523e-08,1.0,0.5505177974700928,0.3952030539512634
data/LoveDA/img_dir/val/2531.png,0.0,0.047205790877342224,0.04743276536464691,0.0,1.2066054752568611e-11,1.0,0.6138582229614258,0.3810194730758667,0.0,0.5351241230964661,0.000604602915700525,0.016957713291049004,9.90986706028707e-08,1.0,0.6138741970062256,0.38099417090415955
data/LoveDA/img_dir/val/2532.png,2.765655517578125e-05,0.155565544962883,0.15572085976600647,2.3399566089210566e-06,4.4969081236523323e-10,0.9999986886978149,0.46791261434555054,0.41507261991500854,0.0,0.905908465385437,0.01987176574766636,0.11889754980802536,9.823316382551184e-09,0.9999986886978149,0.4691406786441803,0.4141167402267456
data/LoveDA/img_dir/val/2533.png,0.0,0.0,0.0,0.0,0.00022609243751503527,0.9999998807907104,0.6561827063560486,0.3348807096481323,0.0,0.0,0.0,0.0,0.00022609243751503527,0.9999998807907104,0.6561827063560486,0.3348807096481323
data/LoveDA/img_dir/val/2534.png,4.00543212890625e-05,0.14784622192382812,0.14855003356933594,9.993503908845014e-07,6.683059054074514e-12,1.0,0.4718441367149353,0.42673078179359436,0.0,0.9043856263160706,0.08906792104244232,0.23980961740016937,3.7985434242493454e-10,1.0,0.4720762073993683,0.4264984428882599
data/LoveDA/img_dir/val/2535.png,0.08894538879394531,0.1539808064699173,0.17978492379188538,0.004370975308120251,0.0,1.0,0.38163259625434875,0.3883005678653717,0.0,0.9136754870414734,0.07069733738899231,0.1810130476951599,1.030359863960023e-23,1.0,0.38330456614494324,0.38717129826545715
data/LoveDA/img_dir/val/2536.png,1.52587890625e-05,0.06827627122402191,0.06834030151367188,7.444360790032079e-07,6.297512511466152e-11,1.0,0.5019290447235107,0.41713181138038635,0.0,0.8542574048042297,0.027192415669560432,0.13732099533081055,6.297512511466152e-11,1.0,0.5028115510940552,0.4163385033607483
data/LoveDA/img_dir/val/2537.png,0.00015544891357421875,0.08578015118837357,0.08760125935077667,5.912350843573222e-06,7.425463357099575e-19,1.0,0.45225781202316284,0.4024970233440399,0.0,0.8823761940002441,0.07900036871433258,0.18539507687091827,1.442869851375761e-10,1.0,0.4546931982040405,0.40129202604293823
data/LoveDA/img_dir/val/2538.png,0.0,0.0,0.0,0.0,1.051851161726347e-09,0.9999998807907104,0.6386022567749023,0.4088369905948639,0.0,0.0,0.0,0.0,1.051851161726347e-09,0.9999998807907104,0.6386022567749023,0.4088369905948639
data/LoveDA/img_dir/val/2539.png,0.00040531158447265625,0.12365464121103287,0.12365546077489853,2.0205898181302473e-05,3.673306797624676e-11,1.0,0.4852446913719177,0.43286001682281494,0.0,0.8683224320411682,0.016535386443138123,0.10675293207168579,3.673306797624676e-11,1.0,0.48684749007225037,0.431670606136322
data/LoveDA/img_dir/val/2540.png,2.384185791015625e-05,0.10823645442724228,0.10856369882822037,2.474504981364589e-06,8.527263639125648e-15,1.0,0.4545705318450928,0.3896779716014862,0.0,0.8163875341415405,0.016508162021636963,0.10277747362852097,1.3074626104003784e-10,1.0,0.45510023832321167,0.3893035054206848
data/LoveDA/img_dir/val/2541.png,5.7220458984375e-05,0.0009806497255340219,0.0009806497255340219,8.657056241645478e-06,1.25503654184808e-16,0.9999961853027344,0.23644988238811493,0.3701636791229248,0.0,0.7189688682556152,0.08997238427400589,0.22240430116653442,1.25503654184808e-16,0.9999961853027344,0.23655694723129272,0.37013107538223267
data/LoveDA/img_dir/val/2542.png,0.0,0.0,0.0,0.0,2.577591885710717e-06,0.9992663264274597,0.627450168132782,0.37428709864616394,0.0,0.0,0.0,0.0,2.577591885710717e-06,0.9992663264274597,0.627450168132782,0.37428709864616394
data/LoveDA/img_dir/val/2543.png,0.0,0.0,0.0,0.0,0.0014920613029971719,0.999747097492218,0.6372503042221069,0.3559063971042633,0.0,0.0,0.0,0.0,0.0014920613029971719,0.999747097492218,0.6372503042221069,0.3559063971042633
data/LoveDA/img_dir/val/2544.png,0.0025701522827148438,0.04380621388554573,0.043811120092868805,0.00018717699276749045,1.329037926803625e-13,1.0,0.24865591526031494,0.35887566208839417,0.0,0.7302078008651733,0.06642844527959824,0.17705267667770386,1.329037926803625e-13,1.0,0.24949273467063904,0.35855022072792053
data/LoveDA/img_dir/val/2545.png,0.0,0.003768784925341606,0.0039768218994140625,0.0,8.354105540751399e-15,1.0,0.5207289457321167,0.4502204954624176,0.0,0.7807844281196594,0.001065957942046225,0.027694644406437874,7.826386760889648e-11,1.0,0.5207335352897644,0.4502159357070923
data/LoveDA/img_dir/val/2546.png,0.010829925537109375,0.07105813920497894,0.07151154428720474,6.894973694215878e-07,4.40694833585785e-27,0.9999982118606567,0.36824098229408264,0.3893083333969116,0.0,0.8263975381851196,0.02407032810151577,0.13246844708919525,4.40694833585785e-27,0.9999982118606567,0.36865922808647156,0.388959676027298
data/LoveDA/img_dir/val/2547.png,1.9073486328125e-06,0.03887898847460747,0.039443425834178925,4.401471187520656e-09,2.5841833917183976e-07,1.0,0.732281506061554,0.3185281455516815,0.0,0.55467289686203,0.0005912771448493004,0.01763221248984337,6.999850938882446e-07,1.0,0.7322904467582703,0.31850799918174744
data/LoveDA/img_dir/val/2548.png,0.0,0.013346672989428043,0.013353211805224419,0.0,2.7791479224680655e-15,1.0,0.3884975016117096,0.38362932205200195,0.0,0.6766372919082642,0.005254245363175869,0.056177768856287,2.7791479224680655e-15,1.0,0.38857999444007874,0.38355058431625366
data/LoveDA/img_dir/val/2549.png,0.0,0.0,0.0,0.0,7.09957339495304e-06,0.9999969005584717,0.7797831296920776,0.32446417212486267,0.0,0.0,0.0,0.0,7.09957339495304e-06,0.9999969005584717,0.7797831296920776,0.32446417212486267
data/LoveDA/img_dir/val/2550.png,2.956390380859375e-05,0.1692567616701126,0.17022092640399933,5.377068646339467e-06,1.886613504309409e-10,1.0,0.4385777413845062,0.3979518711566925,0.0,0.9294084310531616,0.04703833535313606,0.15452656149864197,1.1525734811002053e-09,1.0,0.4416908323764801,0.394698828458786
data/LoveDA/img_dir/val/2551.png,0.0,0.011700631119310856,0.011784962378442287,0.0,2.64657362691878e-09,0.9999998807907104,0.7082927227020264,0.3607107996940613,0.0,0.6636268496513367,0.0016410454409196973,0.032126717269420624,8.239235853579885e-07,0.9999998807907104,0.7083085179328918,0.36068159341812134
data/LoveDA/img_dir/val/2552.png,0.0,0.0,0.0,0.0,2.424616809548752e-07,0.9999778270721436,0.7429044246673584,0.31296730041503906,0.0,0.0,0.0,0.0,2.424616809548752e-07,0.9999778270721436,0.7429044246673584,0.31296730041503906
data/LoveDA/img_dir/val/2553.png,1.9073486328125e-06,0.05726528540253639,0.05728326737880707,2.4233031581388786e-08,1.3302582374308258e-05,0.9999797344207764,0.5195020437240601,0.35623985528945923,0.0,0.7234801650047302,0.01621774397790432,0.09613079577684402,1.3302582374308258e-05,0.9999797344207764,0.5198532938957214,0.3557557761669159
data/LoveDA/img_dir/val/2554.png,0.0,0.0,0.0,0.0,0.05901505798101425,0.9995527863502502,0.7588550448417664,0.1594005525112152,0.0,0.0,0.0,0.0,0.05901505798101425,0.9995527863502502,0.7588550448417664,0.1594005525112152
data/LoveDA/img_dir/val/2555.png,0.0,0.1330563724040985,0.13316304981708527,0.0,1.3331834247676255e-10,1.0,0.6389820575714111,0.3704293370246887,0.0,0.8121862411499023,0.0017393662128597498,0.03421707823872566,4.484157216211315e-06,1.0,0.6391456127166748,0.3701540529727936
data/LoveDA/img_dir/val/2556.png,0.0,0.0001780646271072328,0.00018174308934248984,0.0,1.6596690244341517e-08,0.9999295473098755,0.42381376028060913,0.3850409686565399,0.0,0.7692262530326843,0.01119055226445198,0.08177028596401215,1.6596690244341517e-08,0.9999295473098755,0.4238264262676239,0.385038286447525
data/LoveDA/img_dir/val/2557.png,0.0,0.1253332495689392,0.12534673511981964,0.0,1.2140586314046686e-09,0.9999983310699463,0.45203641057014465,0.40078091621398926,0.0,0.7518271207809448,0.017185423523187637,0.08903298527002335,7.956593606195383e-08,0.9999983310699463,0.45298558473587036,0.3998013436794281
data/LoveDA/img_dir/val/2558.png,9.1552734375e-05,0.11827714741230011,0.1182774156332016,5.115041403769283e-06,9.020626238445537e-20,1.0,0.36413437128067017,0.3818068206310272,0.0,0.7523537278175354,0.07499530166387558,0.17550764977931976,9.020626238445537e-20,1.0,0.3658236861228943,0.380362868309021
data/LoveDA/img_dir/val/2559.png,0.0,0.1781149059534073,0.178362175822258,0.0,1.063901175019983e-16,1.0,0.4566013813018799,0.39736005663871765,0.0,0.7567463517189026,0.013997456058859825,0.0916728526353836,8.130524790754545e-13,1.0,0.45751628279685974,0.3963930904865265
data/LoveDA/img_dir/val/2560.png,9.5367431640625e-07,0.20141534507274628,0.20153619349002838,2.4871866344255977e-08,1.7546726738260077e-08,0.9999972581863403,0.3785613179206848,0.38546109199523926,0.0,0.9604852199554443,0.06674200296401978,0.15889859199523926,1.9485219127091113e-06,0.9999972581863403,0.37973296642303467,0.38439902663230896
data/LoveDA/img_dir/val/2561.png,3.62396240234375e-05,0.20807988941669464,0.20847471058368683,2.0056777429999784e-06,3.552282979487481e-13,1.0,0.583495557308197,0.38380035758018494,0.0,0.9683083295822144,0.07573633641004562,0.1842879354953766,8.516539651282073e-07,1.0,0.5837997794151306,0.3834092915058136
data/LoveDA/img_dir/val/2562.png,0.0,0.0,0.0,0.0,4.051219093526015e-06,0.9999942779541016,0.722385048866272,0.3434635102748871,0.0,0.0,0.0,0.0,4.051219093526015e-06,0.9999942779541016,0.722385048866272,0.3434635102748871
data/LoveDA/img_dir/val/2563.png,0.2192668914794922,0.25120532512664795,0.26781901717185974,0.0063994405791163445,7.195400661383314e-30,1.0,0.27194541692733765,0.3761690855026245,0.0,0.8203071355819702,0.06256768107414246,0.16439597308635712,2.6825568491726045e-23,1.0,0.27639397978782654,0.37439674139022827
data/LoveDA/img_dir/val/2564.png,0.0,0.14207486808300018,0.14210210740566254,0.0,8.590884253978359e-11,0.9999996423721313,0.4544524550437927,0.4056577682495117,0.0,0.7616613507270813,0.037571534514427185,0.11987486481666565,3.639793888510212e-08,0.9999996423721313,0.4553086757659912,0.40477675199508667
data/LoveDA/img_dir/val/2565.png,0.0,0.0,0.0,0.0,3.3068392895074794e-06,0.9999988079071045,0.5683112144470215,0.3828525245189667,0.0,0.0,0.0,0.0,3.3068392895074794e-06,0.9999988079071045,0.5683112144470215,0.3828525245189667
data/LoveDA/img_dir/val/2566.png,0.0,0.0,0.0,0.0,0.04999329522252083,0.9993287324905396,0.8624780178070068,0.10959915816783905,0.0,0.0,0.0,0.0,0.04999329522252083,0.9993287324905396,0.8624780178070068,0.10959915816783905
data/LoveDA/img_dir/val/2567.png,0.02714061737060547,0.08884498476982117,0.11820453405380249,1.1300830010441132e-05,3.264720208843833e-30,1.0,0.26529404520988464,0.36209121346473694,0.0,0.8597426414489746,0.06016241014003754,0.18065448105335236,5.225207560196362e-25,1.0,0.2655901312828064,0.36194929480552673
data/LoveDA/img_dir/val/2568.png,2.956390380859375e-05,0.1584559977054596,0.15858051180839539,3.909487986675231e-06,9.667297141296473e-16,1.0,0.47843554615974426,0.42054373025894165,0.0,0.8023274540901184,0.08849211037158966,0.2083633542060852,9.667297141296473e-16,1.0,0.47875842452049255,0.4202349781990051
data/LoveDA/img_dir/val/2569.png,0.0,0.13095134496688843,0.13095147907733917,0.0,5.527710555952581e-08,0.9999840259552002,0.30314382910728455,0.37872251868247986,0.0,0.7889711856842041,0.03505139425396919,0.12253212183713913,5.527710555952581e-08,0.9999840259552002,0.30997487902641296,0.373826265335083
data/LoveDA/img_dir/val/2570.png,0.0,0.0,0.0,0.0,0.0019267346942797303,0.9996651411056519,0.5619148015975952,0.30908769369125366,0.0,0.0,0.0,0.0,0.0019267346942797303,0.9996651411056519,0.5619148015975952,0.30908769369125366
data/LoveDA/img_dir/val/2571.png,0.05428886413574219,0.12200846523046494,0.21422046422958374,5.335694368113764e-06,0.0,1.0,0.15313129127025604,0.3135371506214142,0.0,0.8810539245605469,0.024389786645770073,0.11969916522502899,2.0790555690603073e-32,1.0,0.15357008576393127,0.3135867416858673
data/LoveDA/img_dir/val/2572.png,0.0,0.1271602213382721,0.1271602213382721,0.0,4.177713890385348e-06,0.9999823570251465,0.4691370725631714,0.420856773853302,0.0,0.7031641006469727,0.013656261377036572,0.07591037452220917,3.232621747883968e-05,0.9999823570251465,0.47285279631614685,0.4170096814632416
data/LoveDA/img_dir/val/2573.png,0.007800102233886719,0.1487031728029251,0.18517018854618073,1.3542168744606897e-05,8.645747748945352e-35,1.0,0.18049344420433044,0.32766032218933105,0.0,0.8032834529876709,0.016809560358524323,0.09085123986005783,8.645747748945352e-35,1.0,0.18168877065181732,0.327191561460495
data/LoveDA/img_dir/val/2574.png,0.0,0.0,0.0,0.0,8.292019629152492e-06,0.9999939203262329,0.5245739221572876,0.29895883798599243,0.0,0.0,0.0,0.0,8.292019629152492e-06,0.9999939203262329,0.5245739221572876,0.29895883798599243
data/LoveDA/img_dir/val/2575.png,9.250640869140625e-05,0.05301748216152191,0.055449217557907104,4.333830474934075e-06,6.077227718026559e-18,1.0,0.3668830096721649,0.4194186329841614,0.0,0.9450753331184387,0.08194196224212646,0.18408191204071045,1.9800969197625307e-10,1.0,0.3672783672809601,0.41923126578330994
data/LoveDA/img_dir/val/2576.png,0.00034809112548828125,0.1781921535730362,0.17844773828983307,4.024777445010841e-05,1.4660943438715638e-24,1.0,0.3903299868106842,0.39165347814559937,0.0,0.8839941620826721,0.09018398821353912,0.22996214032173157,2.7006531931303717e-19,1.0,0.3960148096084595,0.3893865644931793
data/LoveDA/img_dir/val/2577.png,0.17395496368408203,0.0982251912355423,0.21523654460906982,2.2115060346550308e-05,2.1006053956538897e-30,0.9999997615814209,0.22836853563785553,0.36413443088531494,0.0,0.9018878936767578,0.047817960381507874,0.16301017999649048,8.708209676054309e-16,0.9999997615814209,0.22870643436908722,0.3641606867313385
data/LoveDA/img_dir/val/2578.png,0.0,0.0,0.0,0.0,0.0708322674036026,0.9967283010482788,0.812366247177124,0.1343512088060379,0.0,0.0,0.0,0.0,0.0708322674036026,0.9967283010482788,0.812366247177124,0.1343512088060379
data/LoveDA/img_dir/val/2579.png,0.0,3.3514843380544335e-05,3.365108204889111e-05,0.0,4.980206247395813e-10,0.9999954700469971,0.566748321056366,0.37582212686538696,0.0,0.6676985025405884,0.006634459365159273,0.06014532595872879,4.980206247395813e-10,0.9999954700469971,0.5667492747306824,0.37582141160964966
data/LoveDA/img_dir/val/2580.png,3.4332275390625e-05,0.17716068029403687,0.17764610052108765,8.837058885546867e-06,2.395320812358104e-13,1.0,0.3285282552242279,0.3800159692764282,0.0,0.7992990612983704,0.0622415766119957,0.1413349211215973,2.5707048794364196e-13,1.0,0.33176103234291077,0.3778153955936432
data/LoveDA/img_dir/val/2581.png,2.574920654296875e-05,0.09860651940107346,0.0988539308309555,1.6757411458456772e-06,4.483534499945589e-23,1.0,0.4428529739379883,0.4038195013999939,0.0,0.8863101005554199,0.07205048203468323,0.16866596043109894,4.483534499945589e-23,1.0,0.44329705834388733,0.4035888910293579
data/LoveDA/img_dir/val/2582.png,0.019682884216308594,0.12328802049160004,0.12329170107841492,0.0010585141135379672,6.335440831631418e-18,0.9999998807907104,0.5847575664520264,0.372092604637146,0.0,0.5868538618087769,0.06665671616792679,0.1529027819633484,6.140479059638549e-16,0.9999998807907104,0.5862992405891418,0.3697815239429474
data/LoveDA/img_dir/val/2583.png,4.100799560546875e-05,0.012008259072899818,0.012159893289208412,2.0528268578345887e-06,1.6576086477818747e-13,0.9999997615814209,0.4182797372341156,0.39144212007522583,0.0,0.8429629802703857,0.003046932863071561,0.04694628715515137,1.9817290863866077e-10,0.9999997615814209,0.41833600401878357,0.39140376448631287
data/LoveDA/img_dir/val/2584.png,0.0,0.0,0.0,0.0,1.4567714970326051e-05,0.9999309778213501,0.5677995681762695,0.3357376456260681,0.0,0.0,0.0,0.0,1.4567714970326051e-05,0.9999309778213501,0.5677995681762695,0.3357376456260681
data/LoveDA/img_dir/val/2585.png,0.0001583099365234375,0.12972968816757202,0.12987451255321503,8.526457349944394e-06,6.257058808795471e-14,1.0,0.4319414496421814,0.4101555645465851,0.0,0.8889589905738831,0.05693459510803223,0.17853519320487976,6.763200568159211e-13,1.0,0.43350833654403687,0.4091700613498688
data/LoveDA/img_dir/val/2586.png,0.0006799697875976562,0.1418880820274353,0.14243535697460175,6.986626249272376e-05,6.643551811111315e-14,1.0,0.4409710466861725,0.39328309893608093,0.0,0.9271674752235413,0.07015706598758698,0.18533115088939667,2.3044747533840226e-12,1.0,0.44265881180763245,0.3928626775741577
data/LoveDA/img_dir/val/2587.png,0.0,0.0,0.0,0.0,0.00018947137868963182,0.9998892545700073,0.6281280517578125,0.3796790838241577,0.0,0.0,0.0,0.0,0.00018947137868963182,0.9998892545700073,0.6281280517578125,0.3796790838241577
data/LoveDA/img_dir/val/2588.png,9.5367431640625e-07,0.09156486392021179,0.09180805087089539,1.5521550267294515e-08,4.3509110203565626e-10,0.9999908208847046,0.3257342576980591,0.3780563473701477,0.0,0.7881879806518555,0.038128871470689774,0.151515930891037,2.1314232157010338e-08,0.9999908208847046,0.32590994238853455,0.3779520094394684
data/LoveDA/img_dir/val/2589.png,2.86102294921875e-06,0.0013238362735137343,0.001353400177322328,4.774066155732726e-07,4.466271796843557e-10,0.9999994039535522,0.4895133972167969,0.42099449038505554,0.0,0.866844117641449,0.005219385493546724,0.06026193127036095,1.9691988040193564e-09,0.9999994039535522,0.48952633142471313,0.4209875762462616
data/LoveDA/img_dir/val/2590.png,0.0,0.09291622042655945,0.09312412142753601,0.0,2.089838879726358e-08,0.9999992847442627,0.44736194610595703,0.3696860373020172,0.0,0.6729222536087036,0.04270691052079201,0.14235295355319977,2.572193480432361e-08,0.9999992847442627,0.4491044580936432,0.36789342761039734
data/LoveDA/img_dir/val/2591.png,9.250640869140625e-05,0.0798330307006836,0.07991668581962585,2.7100825263914885e-06,5.535596980799085e-10,0.9999998807907104,0.4956069886684418,0.3767467141151428,0.0,0.7049485445022583,0.0503222793340683,0.12429393082857132,7.47130513900629e-07,0.9999998807907104,0.49653592705726624,0.3757772445678711
data/LoveDA/img_dir/val/2592.png,1.1444091796875e-05,0.13567598164081573,0.13567611575126648,8.084281262199511e-07,1.2402390225929594e-10,0.9999996423721313,0.35404664278030396,0.37101051211357117,0.0,0.7909954786300659,0.02534685842692852,0.11421788483858109,1.2402390225929594e-10,0.9999996423721313,0.35736706852912903,0.36806708574295044
data/LoveDA/img_dir/val/2593.png,0.0,0.15906743705272675,0.15914522111415863,0.0,1.6844534100890485e-10,0.999982476234436,0.40164634585380554,0.383341908454895,0.0,0.7107175588607788,0.06350423395633698,0.15907196700572968,9.060992844922566e-09,0.999982476234436,0.4054918885231018,0.3795522451400757
data/LoveDA/img_dir/val/2594.png,4.76837158203125e-06,0.10330309718847275,0.10337230563163757,7.840949365345296e-07,1.4083326727032386e-09,0.9999691247940063,0.3600984513759613,0.37514856457710266,0.0,0.8330070972442627,0.03473526984453201,0.13487128913402557,3.7193819935055217e-06,0.9999691247940063,0.3608003556728363,0.3745763897895813
data/LoveDA/img_dir/val/2595.png,3.814697265625e-06,0.07024683803319931,0.07080855220556259,1.0168128028453793e-07,7.93662282162072e-14,0.9999998807907104,0.44811850786209106,0.3938009738922119,0.0,0.9477387070655823,0.06814603507518768,0.16781625151634216,6.260100077204456e-11,0.9999998807907104,0.44858282804489136,0.3934487998485565
data/LoveDA/img_dir/val/2596.png,0.0,0.0,0.0,0.0,0.01087932102382183,0.9978664517402649,0.7150583863258362,0.22884157299995422,0.0,0.0,0.0,0.0,0.01087932102382183,0.9978664517402649,0.7150583863258362,0.22884157299995422
data/LoveDA/img_dir/val/2597.png,8.106231689453125e-05,0.18548721075057983,0.18587686121463776,2.5237582121917512e-06,1.4538292023099215e-26,1.0,0.3851516842842102,0.3576499819755554,0.0,0.9399718642234802,0.0544152557849884,0.18026046454906464,1.4538292023099215e-26,1.0,0.3863997757434845,0.3570711016654968
data/LoveDA/img_dir/val/2598.png,0.17168331146240234,0.1675383746623993,0.31508761644363403,0.00015009695198386908,1.7904625896820194e-37,1.0,0.13576439023017883,0.29996535181999207,0.0,0.8821216225624084,0.039303090423345566,0.16004396975040436,1.8282042168265846e-19,1.0,0.13594651222229004,0.29992198944091797
data/LoveDA/img_dir/val/2599.png,2.384185791015625e-05,0.03357492387294769,0.03635229542851448,2.3681941456743516e-06,2.9601716429782795e-22,1.0,0.42602068185806274,0.395658016204834,0.0,0.9335373044013977,0.0720527172088623,0.17701944708824158,2.9601716429782795e-22,1.0,0.42620939016342163,0.39551180601119995
data/LoveDA/img_dir/val/2600.png,3.147125244140625e-05,0.037915777415037155,0.03941958397626877,1.6001125686671003e-06,1.3809847633928368e-13,1.0,0.4855789542198181,0.4257841110229492,0.0,0.9412621259689331,0.06734246015548706,0.1678711175918579,1.2386537351360971e-09,1.0,0.4859326183795929,0.4255317747592926
data/LoveDA/img_dir/val/2601.png,0.0,0.0,0.0,0.0,0.001198429730720818,0.9999998807907104,0.5907561779022217,0.2673434615135193,0.0,0.0,0.0,0.0,0.001198429730720818,0.9999998807907104,0.5907561779022217,0.2673434615135193
data/LoveDA/img_dir/val/2602.png,0.0,0.0729379653930664,0.0730995461344719,0.0,1.0165842612153142e-09,0.9999954700469971,0.4472624659538269,0.3923148810863495,0.0,0.8455808758735657,0.023229116573929787,0.1021793931722641,2.1346698630964056e-08,0.9999954700469971,0.44760018587112427,0.3920183777809143
data/LoveDA/img_dir/val/2603.png,0.0,0.1389530748128891,0.13905484974384308,0.0,5.932728266988541e-13,1.0,0.5589467883110046,0.388131320476532,0.0,0.8727924823760986,0.005272596143186092,0.05990475416183472,1.3429862777414314e-09,1.0,0.5592329502105713,0.387788325548172
data/LoveDA/img_dir/val/2604.png,0.00018405914306640625,0.13238254189491272,0.13245365023612976,1.4194907635101117e-05,4.854200236926586e-17,0.999996542930603,0.41614073514938354,0.39464861154556274,0.0,0.9219532608985901,0.055785421282052994,0.18213334679603577,3.244861601636728e-10,0.999996542930603,0.41658827662467957,0.3942345976829529
data/LoveDA/img_dir/val/2605.png,1.9073486328125e-06,0.135543555021286,0.135543555021286,7.849149596950156e-08,5.836918947309255e-13,1.0,0.48013216257095337,0.42348867654800415,0.0,0.8999907374382019,0.006625232752412558,0.07083824276924133,5.836918947309255e-13,1.0,0.4807199239730835,0.42285001277923584
data/LoveDA/img_dir/val/2606.png,0.0,0.055841583758592606,0.05628708750009537,0.0,3.222262300733858e-12,1.0,0.4750911295413971,0.4161621332168579,0.0,0.694188117980957,0.004951733164489269,0.056394413113594055,1.8065757223517664e-10,1.0,0.4751555025577545,0.41609227657318115
data/LoveDA/img_dir/val/2607.png,9.5367431640625e-06,0.13136155903339386,0.1314133256673813,4.0798207123771135e-07,5.857203055903426e-10,0.9999997615814209,0.4413512647151947,0.40040016174316406,0.0,0.8835011720657349,0.01123743411153555,0.08631117641925812,3.814223159537278e-09,0.9999997615814209,0.4424571096897125,0.39929115772247314
data/LoveDA/img_dir/val/2608.png,0.0,0.0,0.0,0.0,0.00014602024748455733,0.9999204874038696,0.5661131739616394,0.39499402046203613,0.0,0.0,0.0,0.0,0.00014602024748455733,0.9999204874038696,0.5661131739616394,0.39499402046203613
data/LoveDA/img_dir/val/2609.png,0.0,0.07977131754159927,0.08008439838886261,0.0,3.5434780110144004e-10,0.9999971389770508,0.4587233066558838,0.3948006331920624,0.0,0.8443622589111328,0.021756703034043312,0.12314199656248093,8.994870626111151e-09,0.9999971389770508,0.45971542596817017,0.3942798674106598
data/LoveDA/img_dir/val/2610.png,0.0,0.0,0.0,0.0,0.00012818419781979173,0.9997935891151428,0.7189778089523315,0.3060854375362396,0.0,0.0,0.0,0.0,0.00012818419781979173,0.9997935891151428,0.7189778089523315,0.3060854375362396
data/LoveDA/img_dir/val/2611.png,7.62939453125e-06,1.9482204152154736e-05,1.9482204152154736e-05,4.5232718548504636e-07,1.3806806392624438e-11,0.9999980926513672,0.6271238327026367,0.39121687412261963,0.0,0.5154781937599182,0.06514584273099899,0.1600537747144699,1.3806806392624438e-11,0.9999980926513672,0.6271246671676636,0.39121606945991516
data/LoveDA/img_dir/val/2612.png,1.049041748046875e-05,0.05726147070527077,0.05743122473359108,2.911568230956618e-07,2.975353999095341e-14,1.0,0.3815095126628876,0.39974015951156616,0.0,0.8506777882575989,0.010274030268192291,0.08128547668457031,3.972931761353493e-09,1.0,0.3817984163761139,0.3995911478996277
data/LoveDA/img_dir/val/2613.png,0.0,0.0,0.0,0.0,8.671892146594473e-07,1.0,0.6197019815444946,0.3760194182395935,0.0,0.0,0.0,0.0,8.671892146594473e-07,1.0,0.6197019815444946,0.3760194182395935
data/LoveDA/img_dir/val/2614.png,0.0,0.0,0.0,0.0,1.3065086932328995e-05,0.9999961853027344,0.7315343022346497,0.31180956959724426,0.0,0.0,0.0,0.0,1.3065086932328995e-05,0.9999961853027344,0.7315343022346497,0.31180956959724426
data/LoveDA/img_dir/val/2615.png,0.3042440414428711,0.04404585808515549,0.04404585808515549,0.004762593656778336,1.415124095363385e-38,1.0,0.33743447065353394,0.4206915497779846,0.0,0.7322216033935547,0.05498199164867401,0.16834823787212372,1.415124095363385e-38,1.0,0.3381504416465759,0.42014679312705994
data/LoveDA/img_dir/val/2616.png,0.0,0.0,0.0,0.0,0.0010769772343337536,0.9999895095825195,0.5378530025482178,0.31613168120384216,0.0,0.0,0.0,0.0,0.0010769772343337536,0.9999895095825195,0.5378530025482178,0.31613168120384216
data/LoveDA/img_dir/val/2617.png,0.5248832702636719,0.09306526929140091,0.14882169663906097,0.0053023528307676315,6.700926209849085e-35,1.0,0.16323600709438324,0.3294685482978821,0.0,0.6742854118347168,0.038997549563646317,0.13953779637813568,6.700926209849085e-35,1.0,0.16411277651786804,0.32910701632499695
data/LoveDA/img_dir/val/2618.png,0.0,0.0014967237366363406,0.001523017999716103,0.0,2.569778279060131e-10,1.0,0.4872299134731293,0.41733604669570923,0.0,0.8157641291618347,0.0026702817995101213,0.042683131992816925,2.315804881192207e-09,1.0,0.48726072907447815,0.4173145294189453
data/LoveDA/img_dir/val/2619.png,2.47955322265625e-05,0.183891162276268,0.18572984635829926,5.0157141231466085e-06,1.161164263699388e-12,1.0,0.30668872594833374,0.3603775203227997,0.0,0.8983983993530273,0.045699719339609146,0.1501254439353943,1.161164263699388e-12,1.0,0.3106675148010254,0.3574120104312897
data/LoveDA/img_dir/val/2620.png,0.0,0.04978915676474571,0.04983820393681526,0.0,1.1144153688746883e-07,0.9999970197677612,0.5269104838371277,0.4360630214214325,0.0,0.7669558525085449,0.015421895310282707,0.10445024073123932,1.7042660260813136e-07,0.9999970197677612,0.5270459055900574,0.43590888381004333
data/LoveDA/img_dir/val/2621.png,0.011986732482910156,0.17005594074726105,0.27848994731903076,1.580419484525919e-05,0.0,0.9999998807907104,0.27265873551368713,0.3861580491065979,0.0,0.9156049489974976,0.04708217829465866,0.16748441755771637,1.9370669352172089e-29,0.9999998807907104,0.27366042137145996,0.3858608305454254
